Subject,Body
Team Meeting,The weekly team meeting is scheduled for Monday at 10 AM. Please review the agenda before joining.
System Maintenance,The scheduled system maintenance will begin tonight at 11 PM. Services may be temporarily unavailable.
Security Awareness,Please complete the security awareness training assigned to you.
IT Notification,Your workstation has been scheduled for a routine security update.
Project Update,The project status report has been updated. Please review the latest information.
Training Reminder,This is a reminder about the upcoming cybersecurity training session.
Network Maintenance,Network maintenance is planned for this weekend. Please save your work before the maintenance window.
Welcome,Welcome to the Cyber Range environment. Please follow the provided instructions to begin.
Monitoring Alert,A simulated monitoring alert has been generated for the training environment.
Documentation Update,The system documentation has been updated with new configuration information.